Name,Created,Tags,别名,类型
田松,"June 27, 2022 7:56 AM",,"木公犟人, 木工匠人, 浪淘沙",人物
郑家姐妹,"June 27, 2022 8:01 AM",,,作品
张坤,"June 27, 2022 8:01 AM",,,人物
田玲,"June 27, 2022 8:01 AM",,,
小雷音寺,"June 27, 2022 8:02 AM",,读书小天地,组织
卤门,"June 27, 2022 8:02 AM",,林智浩,人物
父友,"June 27, 2022 8:02 AM",,,人物
子美女孩,"June 28, 2022 7:28 PM",,,
行走捐,"July 13, 2022 10:15 AM",,,
读书交流群&读书小天地,"September 15, 2022 11:18 AM",,,
大堡村,"September 18, 2022 2:12 PM",,,
有交流价值的人,"April 5, 2023 2:40 PM",,,
择偶标准,"April 5, 2023 2:40 PM",,,
见信安,"February 3, 2024 12:33 PM",,,
认知,"February 3, 2024 12:33 PM",,,
也许何为人生永远值得追寻与思考,"February 22, 2024 1:15 AM",,,
松的家人,"March 14, 2024 9:32 AM",,,